[
  { "name": "node", "type": "autostart" },
  { "name": "node/profiler", "type": "autostart" },
  { "name": "node/network", "type": "autostart" },
  { "name": "node/settings", "type": "autostart" },
  { "name": "node/sources", "type": "autostart" },
  { "name": "node/console", "type": "autostart" },
  { "name": "node/main", "type": "autostart" },
  { "name": "audits", "type": "exclude"},
  { "name": "elements", "type": "exclude"},
  { "name": "timeline", "type": "exclude"},
  { "name": "resources", "type": "exclude"}
]
