{
    "domains": [
      {
        "domain": "Console",
        "types": [],
        "commands": [],
        "events": [
            {
                "name": "showConsole",
                "description": "Open console window"
            }
        ]
      },
      {
        "domain": "Network",
        "types": [],
        "commands": [
            {
                "name": "_clearCapturedData",
                "description": "Removes all saved requests data"
            },
            {
                "name": "_setCapturingEnabled",
                "parameters": [
                    { "name": "enabled", "type": "boolean", "description": "True, if capturing enabled" }
                ],
                "description": "Disables capturing of http requests"
            }
        ],
        "events": []
      }
    ]
}
